{
  "textures": {
    "0": "minecraft:item/acorn",
    "particle": "minecraft:item/acorn"
  },
  "elements": [
    {
      "from": [0, 7.5, 0],
      "to": [16, 8.5, 16],
      "faces": {
        "north": {"uv": [0, 0, 16, 1], "texture": "#0"},
        "east": {"uv": [0, 0, 16, 1], "texture": "#0"},
        "south": {"uv": [0, 0, 16, 1], "texture": "#0"},
        "west": {"uv": [0, 0, 16, 1], "texture": "#0"},
        "up": {"uv": [0, 16, 16, 0], "texture": "#0"},
        "down": {"uv": [0, 0, 16, 16], "texture": "#0"}
      }
    }
  ],
  "display": {
    "thirdperson_righthand": {
      "rotation": [75, 45, 0],
      "translation": [0, 2.5, 0],
      "scale": [0.375, 0.375, 0.375]
    },
    "thirdperson_lefthand": {
      "rotation": [75, 45, 0],
      "translation": [0, 2.5, 0],
      "scale": [0.375, 0.375, 0.375]
    },
    "firstperson_righthand": {
      "rotation": [0, 45, 0],
      "translation": [0, 0, 0],
      "scale": [0.4, 0.4, 0.4]
    },
    "firstperson_lefthand": {
      "rotation": [0, 45, 0],
      "translation": [0, 0, 0],
      "scale": [0.4, 0.4, 0.4]
    },
    "gui": {
      "rotation": [30, 225, 0],
      "translation": [0, 0, 0],
      "scale": [0.625, 0.625, 0.625]
    },
    "ground": {
      "rotation": [0, 0, 0],
      "translation": [0, 3, 0],
      "scale": [0.25, 0.25, 0.25]
    },
    "fixed": {
      "rotation": [0, 0, 0],
      "translation": [0, 0, 0],
      "scale": [0.5, 0.5, 0.5]
    },
    "head": {
      "rotation": [0, 0, 0],
      "translation": [0, 0, 0],
      "scale": [1, 1, 1]
    }
  }
}
